,HJD_UTC,VEL,1,2,3,4,5,6,7,8,9,10,15,16,17,18,err,cts,el,spectemp,ccdtemp,dewfoc,pressure,ha,exptime,VEL_DT
0,16505.735812,81.8241211266,0.000499722722452,-0.00122552993707,-0.00119816674851,0.0062656425871,0.0805338844657,0.0647539272904,-0.000321109284414,-0.0435656793416,0.146840259433,0.0672875195742,0.0233197603375,-0.000270063494099,0.00178010226227,-0.00183849898167,2.04383111,29833,1.65605095541,-0.0968152738815,-7.42038259995,62.2993630573,1.6292946268,1.706,25.4076433121,74.5662182863
1,16506.70079,77.7805096204,0.000645074178465,-0.00195152778178,-0.00205971929245,0.00766724999994,0.0980285406113,0.106934398413,-0.0267048124224,-0.0219331216067,0.151681169868,0.0642775222659,0.0189164429903,0.00151276914403,0.000411525717936,-0.00062884617364,2.12419652939,30844,11.6560509554,-0.0568162738815,-7.42038259995,62.2993630573,0.529318626803,0.93,6.4076433121,70.6012405776
2,16515.688355,19.2575736635,-0.000758921552915,0.00200791400857,-0.00483173504472,0.013917317614,0.121393665671,0.109295934439,-0.0630263313651,0.021266553551,0.0956561118364,0.0632668733597,0.0173007827252,0.00386514258571,-0.00095690053422,-0.000927172543015,2.33111476898,29773,-54.3439490446,-0.116815273882,-7.42038259995,62.2993630573,1.3293066268,1.235,-21.5923566879,9.29499981086
3,16516.706489,11.1647440022,0.00239593535662,-0.00592565722764,0.00333548081107,0.00647208187729,0.105677343905,0.0805593580008,-0.0186810921878,-0.00257911952212,0.131225094199,0.0665728598833,0.0168400965631,0.00495046330616,-0.00172635167837,-0.000758210488129,2.26388549805,29911,-54.3439490446,-0.0568162738815,-7.42038259995,62.2993630573,0.529318626803,1.739,0.407643312102,3.10504395629
4,16517.683051,1.7750854071,0.00030868066824,0.000144958947203,-0.00604197802022,0.0157096032053,0.103071309626,0.0806415975094,-0.0268440023065,5.6601180404e-05,0.110783562064,0.0551644228399,0.0234713163227,0.00156966003124,-0.00112784048542,-0.000538202933967,2.11617708206,28600,-54.3439490446,-0.0268152738815,-7.42038259995,62.2993630573,1.2292706268,1.242,-9.5923566879,-7.76537487225
5,16518.683778,-11.3181817768,-0.00013407242659,0.000845915987156,-0.00595074566081,0.0176129825413,0.130839809775,0.11374733597,-0.0264027770609,0.00130808819085,0.153451740742,0.0751399919391,0.0121484436095,0.00799075327814,-0.00412304420024,0.000654838862829,2.16730093956,33490,-54.3439490446,-0.0368152738815,-7.42038259995,62.2993630573,1.2292706268,1.326,84.4076433121,-17.4940864073
6,16525.671455,-51.6014644439,-0.000461168412585,0.000937711854931,-0.00361021235585,0.01183705125,0.0623853243887,0.0923720672727,-0.043430339545,0.00545001821592,0.0709360167384,0.0752143263817,0.00994314439595,0.0113218752667,-0.00660599395633,0.000905684253667,2.15120911598,29223,-54.3439490446,0.123184726118,-7.42038259995,62.2993630573,-1.6706933732,1.5,-14.5923566879,-62.0326937955
7,16526.676199,-51.9085851459,-0.000201010538149,0.00131463853177,-0.00632322952151,0.00997229199857,0.0896733477712,0.110183022916,-0.0262890700251,-0.0131932739168,0.137648552656,0.0623145662248,0.0240881964564,0.00396893871948,-0.00160260719713,-0.000536429171916,2.11135053635,30106,-54.3439490446,0.153184726118,-7.42038259995,62.2993630573,-1.4706813732,1.681,9.4076433121,-59.8034390267
8,16530.722469,-38.1645207018,0.00207526772283,-0.00333914696239,-0.00205851229839,0.0120474081486,0.101736910641,0.104371242225,-0.0172126851976,-0.0420545302331,0.171749055386,0.0895723253489,0.0139065384865,0.010044475086,-0.00391785753891,0.000178058311576,2.16470122337,31259,-56.3439490446,-0.0968152738815,-7.32038459995,62.2993630573,-1.1706933732,3.063,72.4076433121,-42.943653299
9,16534.691318,-7.52588826795,-0.00384717155248,0.00267326133326,-0.00546769564971,0.0101793818176,0.112323150039,0.101288333535,-0.0282232500613,-0.0130509994924,0.134990081191,0.0803233087063,0.0216813664883,-0.000251594348811,0.00221336749382,-0.00384324486367,2.16068911552,28524,-8.34394904459,0.0331843446185,-7.42038259995,62.2993630573,3.0293190408,2.582,-19.5923566879,-15.0912398552
10,16535.669006,6.86404385814,-0.0080431913957,0.0100990962237,-0.0141302989796,0.0167308971286,0.0818475037813,0.0986088216305,-0.00243067648262,-0.00243721297011,0.121399655938,0.0849422737956,0.0289060845971,-0.00422080093995,0.00825504306704,-0.00875309109688,2.21275830269,30261,-2.34394904459,0.00318556531847,-7.42038259995,62.2993630573,1.9292824198,2.112,31.4076433121,-1.19671434758
11,16536.690627,13.5907635521,0.0371233783662,0.0851147994399,-0.191791012883,0.127761915326,-0.0685044825077,0.235070735216,-0.0964040383697,-0.197455540299,0.333449661732,-0.00834602490067,-0.00943884626031,0.137945502996,-0.146102890372,-0.105339147151,4.0421705246,7057,-12.3439490446,0.133184726118,-7.42038259995,62.2993630573,0.429282419803,2.699,778.407643312,8.63687438824
12,16539.642571,45.2074359148,-0.00454729422927,0.00639400770888,-0.00777291599661,0.00851155258715,0.0748087316751,0.0705839172006,-0.00430707307532,-0.0398188121617,0.124713905156,0.0739380940795,0.0261323805898,-0.000200222959393,0.00513404328376,-0.00630057044327,2.33608937263,28799,1.65605095541,-0.0668160367815,-7.42038259995,62.2993630573,-0.470680959197,1.744,-14.5923566879,36.7547169851
13,16540.660734,53.6093651111,-0.00444819452241,0.00386283593252,-0.00509235495701,0.00585023732856,0.088540405035,0.0589258670807,0.019293891266,-0.0333538688719,0.131156429648,0.0868759229779,0.0284754689783,-0.0030356911011,0.00590382795781,-0.00605748593807,2.19897580147,28846,-4.34394904459,-0.0368153501815,-7.42038259995,62.2993630573,0.0293190408025,2.248,2.4076433121,46.1191701322
14,16541.64325,56.3292550301,-0.00576460640877,0.00832209736109,-0.0151003403589,0.0178772825748,0.0937257036567,0.0527154579759,0.000530973600689,-0.0516733005643,0.147344917059,0.0809190571308,0.0222043264657,-0.00169059273321,0.00603800453246,-0.00550584401935,2.04208922386,29174,-0.343949044586,-0.186814968682,-7.42038259995,62.2993630573,0.329306833803,1.894,-1.5923566879,49.3407599834
15,16541.795592,61.5614038931,-0.0138143077493,0.0296535845846,-0.0162163600326,0.0144664905965,0.0820053070784,0.0799944922328,0.0192965604365,-0.048531550914,0.179230228066,0.0802907794714,0.0401897355914,-0.0203258711845,0.0197369288653,-0.0199415516108,2.43286967278,30506,-42.3439490446,-0.0768143583815,-7.42038259995,62.2993630573,0.829306833803,5.561,140.407643312,55.774212755
16,16542.647792,63.2822295035,-0.012642133981,0.0132711827755,-0.0132101411,0.00920532364398,0.0814091786742,0.0933851823211,-0.00132622278761,-0.0289498269558,0.150246933103,0.0807956308126,0.0353665240109,-0.012205677107,0.0146625712514,-0.0134997200221,1.92068767548,32109,-2.34394904459,0.0431845735185,-7.42038259995,62.2993630573,-0.970680959197,2.07,79.4076433121,56.2977313119
17,16547.679881,70.3054800682,-0.00805968791246,0.00749949039891,-0.00923773646355,0.0223721060902,0.103708289564,0.185162782669,-0.01656572707,-0.0177353117615,0.0860492289066,0.176131263375,0.0936106294394,0.0015818295069,0.00722200563177,-0.00925557967275,2.27501177788,35394,-15.3439490446,0.113184268318,-7.42038259995,-334.700636943,0.329306833803,3.177,273.407643312,65.7236638572
18,16548.630701,61.4427746384,-0.00815605185926,0.0101543236524,-0.0129143605009,0.0273903273046,0.109588496387,0.193261519074,-0.0143238632008,-0.0030676794704,0.0771088153124,0.188228860497,0.100611537695,-0.00471103703603,0.0133781982586,-0.0125671867281,2.18983626366,36872,-2.34394904459,-0.0368153501815,-7.42038259995,-333.700636943,-0.970680959197,2.061,70.4076433121,55.8313502044
19,16689.962356,-56.231911255,0.000212346451008,-0.00229835091159,-0.00122315308545,0.00841044262052,0.0762354806066,0.10470161587,0.0129332542419,-0.0181057117879,0.129539310932,0.095514036715,0.0284481626004,0.0098868701607,-0.00968666747212,0.00478632701561,2.30539870262,42123,-21.3439490446,-0.186814968682,-7.42038259995,-728.700636943,-2.4706809592,-4.732,471.407643312,-60.5595630429
20,16796.801752,-10.2440768773,0.00308563699946,-0.00453816540539,0.00209549139254,0.0126707879826,0.0884460583329,0.177135273814,-0.0517774857581,-0.0191315412521,0.0941416397691,0.136305034161,0.0493685044348,0.00424061529338,-0.003765221918,0.000790689955465,2.90224957466,15159,14.6560509554,-0.126815502782,-7.42038259995,-268.700636943,-3.3707053732,-1.658,35.4076433121,-16.683579915
21,16796.89446,-17.3430563386,0.00239216303453,-0.00248938100412,-0.00148843065836,0.0170160867274,0.102478437126,0.197607919574,-0.0431549064815,-0.00577488029376,0.0967708006501,0.160993471742,0.0713983625174,-0.00113223318476,-0.000347394641722,-1.38191660426e-06,2.89737725258,14935,15.6560509554,-0.166814510982,-7.42038259995,-268.700636943,-4.3707053732,0.574,45.4076433121,-22.5754794893
22,16804.978855,-60.5071823898,0.00323525257409,-0.00666110822931,0.00482336338609,0.0152219440788,0.083573050797,0.159404277802,-0.0414610952139,-0.0387859568,0.0850826129317,0.119041286409,0.064518712461,-0.00168596080039,0.00141395698301,-0.00136585196014,3.26706957817,10533,-14.3439490446,-0.0268151212815,-7.32038412595,-257.700636943,0.529319040803,3.133,-42.5923566879,-68.6239620803
23,16804.980336,-67.8017413198,0.000787890341599,0.00126266153529,-0.00555606419221,0.0184215176851,0.0784625560045,0.177724689245,-0.0589198581874,-0.0289047379047,0.0826775804162,0.120771050453,0.0672248452902,-0.00123968767002,0.00202691624872,-0.0024015144445,3.27214622498,10436,-15.3439490446,-0.0468155790815,-7.52038107395,-258.700636943,0.429282419803,3.169,-32.5923566879,-75.9718792204
24,16804.981795,-59.0385280717,0.0014369400451,-0.000625496031716,-0.00570833822712,0.0293614715338,0.0744139403105,0.170526668429,-0.045097079128,-0.0408846512437,0.0881521329284,0.120645128191,0.0663468390703,-0.0026401062496,0.00194625684526,-0.00153184658848,3.19662857056,10408,-15.3439490446,-0.0868145872815,-7.52038107395,-259.700636943,0.429282419803,3.204,-41.5923566879,-66.9484304877
25,16808.844655,-51.789492121,0.000825844239444,-0.00119449547492,-0.00529575813562,0.0277293622494,0.0642523765564,0.135381296277,-0.016130713746,-0.0521304495633,0.0945589393377,0.126356214285,0.0695204734802,-5.81283347856e-06,-0.000827494077384,-0.000309279857902,3.36370038986,10476,20.6560509554,-0.0768143583815,-7.42038259995,-268.700636943,-2.4706809592,0.168,-55.5923566879,-59.1397613767
26,16808.84594,-48.8119066068,-0.000133499546791,0.00209011463448,-0.00462694326416,0.0205137748271,0.0718662440777,0.134759902954,-0.0177216436714,-0.0645059868693,0.116001933813,0.124560944736,0.068737976253,0.00345026049763,-0.00585616659373,0.00224173092283,3.30169391632,10610,19.6560509554,-0.0968148160815,-7.42038259995,-268.700636943,-2.4706809592,0.199,-54.5923566879,-55.0855872314
27,16808.847259,-45.4261286772,-0.00122118741274,0.00450787460431,-0.0085786441341,0.0231393203139,0.0646101236343,0.144365563989,-0.0139534268528,-0.0605266615748,0.117619633675,0.121594779193,0.0742772892118,-0.000985631602816,0.00132771430071,-0.00159549084492,3.10735654831,10816,19.6560509554,-0.0568158079815,-7.52038107395,-268.700636943,-2.4706809592,0.231,-51.5923566879,-51.9822598769
28,16831.777398,40.6773409121,0.000884772103745,-0.00229762727395,0.00112988241017,0.0107360612601,0.108288213611,0.168061062694,-0.0431976802647,-0.0113660478964,0.0881176739931,0.140596628189,0.0667762383819,-0.00109226175118,-0.00204191659577,0.00146270357072,2.95647192001,11621,20.6560509554,-0.0268151212815,-7.42038259995,-249.700636943,-1.6706931662,0.079,-13.5923566879,33.9632329765
29,16831.779168,46.7787038312,0.00195107643958,-0.00245118769817,-0.00162291526794,0.0198400206864,0.0886777192354,0.189488396049,-0.0653739124537,-0.0320967771113,0.110977649689,0.119989529252,0.0696315839887,-0.00931860040873,0.00501812808216,-0.000812212296296,3.11165213585,11724,20.6560509554,-0.0468155790815,-7.52038107395,-249.700636943,-1.6706931662,0.122,-8.5923566879,40.0933930242
30,16831.781067,43.9003676348,0.000940737256315,-0.000676135998219,-0.00206967908889,0.015589652583,0.0918610543013,0.194215089083,-0.0501839630306,-0.0118056926876,0.0892597660422,0.15056745708,0.0722258165479,-0.0032645969186,0.00162313180044,-0.00079218641622,2.93686437607,11964,20.6560509554,-0.0368153501815,-7.42038259995,-249.700636943,-1.6706931662,0.167,2.4076433121,37.6117878924
31,16854.73562,-1.46341923508,-0.00241493899375,0.00619052629918,-0.00658831419423,0.0280685331672,0.115790940821,0.193649545312,-0.0560881495476,-0.00757996039465,0.102251887321,0.15489731729,0.0653227493167,-0.000382378610084,0.00421005208045,-0.0062713525258,2.28011584282,32258,14.6560509554,-0.0268151212815,-7.42038259995,-258.700636943,1.8293068338,0.612,456.407643312,-5.19613782707
32,16858.728061,46.9756612269,-0.00269322609529,0.069334693253,-0.0206855908036,0.0110020060092,0.0679868161678,0.219287753105,-0.0977127328515,-0.110822170973,0.187205269933,0.0833815783262,0.108194753528,-0.0197014771402,0.0181097965688,-0.00586317293346,5.99587011337,2928,13.6560509554,-0.0268151212815,-7.42038259995,-230.700636943,0.229270212803,0.698,178.407643312,42.7517165758
33,16878.725444,-36.102515996,0.000462789263111,-0.00287105981261,0.00361433858052,0.000684523780365,0.112408354878,0.0838779211044,-0.000604957691394,-0.0259539354593,0.15686686337,0.0665258839726,0.0312118120492,0.000772960600443,-0.000621384766418,-0.000294751196634,2.34472203255,21385,-1.34394904459,0.0331843446185,-7.42038259995,68.2993630573,-0.570717580197,1.977,120.407643312,-42.392775012
34,16886.739272,-60.8602999904,0.000966923777014,0.00237985304557,-0.0131827900186,0.0261832047254,0.104934982955,0.130067482591,-0.0399092212319,-0.03829940781,0.173947736621,0.0662226006389,0.0317477211356,-0.00135503429919,-0.000456166191725,-0.00143068120815,3.47539639473,6975,-11.3439490446,0.0431845735185,-7.42038259995,57.2993630573,2.1292946268,2.847,-43.5923566879,-67.2067264685
35,16886.740672,-60.0967493,0.00154313934036,-0.0013856672449,-0.00767247704789,0.0249187834561,0.113562695682,0.150651276112,-0.0603020116687,-0.0400395281613,0.181135386229,0.053291708231,0.0328660421073,-0.00204210774973,-0.0022085676901,0.00151795090642,3.39818286896,6912,-11.3439490446,0.00318556531847,-7.52038107395,57.2993630573,2.1292946268,2.881,-46.5923566879,-66.5103475657
36,16886.742096,-60.5955391602,0.00478121312335,-0.00662893382832,0.0038652648218,0.0126967420802,0.11805588752,0.141722068191,-0.0446382462978,-0.0268760509789,0.154963970184,0.0837697461247,0.0202770717442,0.00242832652293,-0.00358796329238,0.00217279768549,3.4211037159,7023,-12.3439490446,0.0331843446185,-7.42038259995,57.2993630573,2.1292946268,2.915,-43.5923566879,-66.8200727244
37,16888.670396,-51.1048695269,-0.000124579615658,0.00241293641739,-0.00478975009173,0.00688433367759,0.0593081377447,0.109757073224,-0.0228530578315,-0.0654641091824,0.1426718086,0.0806936398149,0.0337838158011,0.00534152798355,-0.00564782833681,0.00246661901474,3.17636489868,7434,6.65605095541,-0.0268151212815,-7.42038259995,41.2993630573,-3.4706809592,1.324,-55.5923566879,-58.0706291906
38,16888.67168,-38.1375855877,0.00315128616057,-0.00317237945274,-0.00320846890099,0.015203198418,0.0507193394005,0.140999466181,-0.0560404658318,-0.0608288757503,0.141562312841,0.0745470747352,0.0399273782969,-0.00374829978682,-0.000540074892342,0.00151252071373,3.5537352562,7401,6.65605095541,-0.0568158079815,-7.52038107395,41.2993630573,-3.4706809592,1.355,-54.5923566879,-45.4808148033
39,16888.672988,-47.3061045516,-0.00112699868623,0.00394773297012,-0.0115048512816,0.023452270776,0.053502202034,0.136378422379,-0.0460010617971,-0.0561112351716,0.136670947075,0.073750756681,0.0306439790875,0.00718716345727,-0.00805689394474,0.00358603848144,3.5059659481,7351,5.65605095541,-0.0768143583815,-7.52038107395,41.2993630573,-3.4706809592,1.386,-53.5923566879,-54.776055689
40,17027.035586,68.9348574348,0.00289745815098,0.00492194714025,0.0237834192812,-0.00809156894684,0.131511390209,0.0867389813066,-0.0246058423072,-0.078320749104,0.17722068727,0.0542862936854,0.0317304059863,0.00762399192899,-0.00071017636219,0.00257869972847,5.03028535843,3749,-22.3439490446,-0.0468155790815,2.57961740005,0.299363057326,6.5293190408,-4.787,178.407643312,63.4950487994
41,17027.038815,60.6519886791,-0.00502400379628,0.00837799441069,-0.00982546899468,0.0150561928749,0.0979903638363,0.10940464586,-0.0226971171796,-0.0420694127679,0.157452374697,0.0697845444083,0.0198191199452,0.00672793574631,-0.00714104715735,0.00418842304498,3.20553684235,9602,-21.3439490446,-0.0568158079815,2.47961892595,-0.700636942674,6.4292824198,-4.709,104.407643312,54.7390496953
42,17027.041685,67.1315117322,-0.0031907770317,0.00818843301386,-0.0160790719092,0.0274814274162,0.0762530341744,0.134696498513,-0.049639120698,-0.0634848922491,0.197217434645,0.0436735861003,0.0347665324807,-0.00763969821855,0.00562770338729,-0.00201561953872,3.45576262474,9203,-20.3439490446,-0.116815273882,2.57961740005,-0.700636942674,6.5293190408,-4.64,60.4076433121,61.3126112507
43,17029.03944,52.8002149591,-0.00177257903852,0.00172479590401,-0.00658403197303,0.018310111016,0.0779457166791,0.1302434057,-0.0475719831884,-0.0663044005632,0.168070495129,0.0573963709176,0.0346758030355,-0.00822149775922,-0.000192851701286,0.00310821202584,3.93831586838,6329,-20.3439490446,0.0131838869185,2.57961740005,-1.70063694267,5.9292824198,-4.565,-23.5923566879,46.170008974
44,17029.041211,58.2142006598,0.00011397999333,0.00352754117921,-0.00984788220376,0.0234984755516,0.0629378482699,0.165569245815,-0.0612870641053,-0.079770706594,0.191869691014,0.0651573464274,0.0275142285973,-0.000911477196496,-0.00170777237508,0.00218343967572,3.99052810669,5721,-19.3439490446,-0.0568158079815,2.47961892595,-1.70063694267,5.9292824198,-4.522,-8.5923566879,53.0381981326
45,17029.043005,49.1957805104,-0.00112119619735,0.00518023502082,-0.00782222207636,0.0279358997941,0.0795261412859,0.133335024118,-0.0335611514747,-0.068848952651,0.17342877388,0.0645441859961,0.027373386547,0.00146014092024,-0.00676714116707,0.004722667858,3.91253900528,6115,-19.3439490446,-0.0368153501815,2.47961892595,-1.70063694267,5.9292824198,-4.479,-18.5923566879,43.2528381955
46,17042.999005,-61.0231959329,0.00329550751485,-0.00375278480351,-0.000702485616785,0.00869449507445,0.104102179408,0.124539084733,-0.0382060110569,-0.06166401878,0.182870775461,0.0855229645967,0.0240445043892,0.00401198072359,-0.00607697386295,0.00490752700716,3.21307682991,8740,-18.3439490446,-0.0568158079815,2.57961740005,26.2993630573,1.0293190408,-4.637,1438.40764331,-58.8294275944
47,17044.949675,-66.8830039128,0.00155509472825,-0.000435634399764,-0.00642126100138,0.0209390353411,0.0808108896017,0.132680773735,-0.0354072228074,-0.037287581712,0.158430308104,0.0600936114788,0.0300511140376,-0.00141371495556,-0.00315716280602,0.0031535406597,3.4758336544,8077,-32.3439490446,-0.0768143583815,2.57961740005,-10.7006369427,3.7292702128,-5.695,76.4076433121,-73.3728911987
48,17044.953113,-61.382095002,0.00179695931729,-0.00313886092044,-0.0020489867311,0.0161510165781,0.0825337171555,0.123287275434,-0.039229914546,-0.0301877167076,0.142207354307,0.0691955015063,0.033020850271,-0.00803083367646,0.000470138998935,0.00301235774532,3.35602927208,9518,-31.3439490446,-0.0168148923815,2.47961892595,-10.7006369427,3.7292702128,-5.613,178.407643312,-67.7559513584
49,17044.95691,-68.4230513545,-0.00173215637915,0.00269146868959,-0.00680510606617,0.0181791465729,0.0813067257404,0.126184105873,-0.0420887321234,-0.0275688432157,0.137249842286,0.0544762015343,0.0319495089352,-0.0015302154934,-0.00320207304321,0.00413348246366,3.31718587875,9283,-30.3439490446,-0.0568158079815,2.57961740005,-10.7006369427,3.8293068338,-5.521,110.407643312,-75.9206314639
50,17045.057992,-68.3449336483,-0.00164752826095,0.00360022950917,0.0170506462455,0.00705992616713,0.172017350793,0.196289926767,-0.0854464992881,-0.0725722983479,0.215226560831,0.120635338128,0.0248979404569,0.0108158765361,-0.00642480142415,0.00355805247091,4.08202266693,5487,-2.34394904459,-0.0268151212815,2.57961740005,-10.7006369427,3.8293068338,-3.089,17.4076433121,-69.7878325756
51,17045.060133,-66.2083513018,-0.000603195163421,0.00535212736577,-0.0150204785168,0.0366594456136,0.156740769744,0.212568312883,-0.0991658940911,-0.0440528318286,0.196608647704,0.124912291765,0.0331925116479,-0.000340821716236,-0.00149524828885,0.00278235017322,4.0812587738,5506,-2.34394904459,0.00318556531847,2.47961892595,-10.7006369427,3.8293068338,-3.037,18.4076433121,-68.3673069225
52,17045.062298,-67.7411901864,-0.00197533587925,0.00375177967362,-0.0109711140394,0.0371938385069,0.139860153198,0.225890979171,-0.107986681163,-0.0597093477845,0.216623857617,0.114816069603,0.04437680915,0.000908613670617,-0.00843471102417,0.00669293664396,4.31059217453,5286,-1.34394904459,0.0531848024185,2.47961892595,-10.7006369427,3.8293068338,-2.985,25.4076433121,-69.1426101457
53,17048.080858,-57.6622431298,-0.00180628150702,0.0056616733782,-0.0140464268625,0.0245984122157,0.0756639316678,0.129997164011,-0.038539364934,-0.0352554768324,0.144853562117,0.0739621594548,0.0247100666165,0.00553063768893,-0.00951622612774,0.00516593875363,3.21391606331,6375,5.65605095541,-0.0368153501815,2.57961740005,-1.70063694267,3.6292946268,-2.346,-23.5923566879,-64.5063590592
54,17048.082501,-55.0844774844,0.000974103575572,0.000952358532231,-0.0109344413504,0.0254130028188,0.0696770846844,0.129445284605,-0.0382456593215,-0.048315897584,0.152886405587,0.0705833658576,0.024003950879,0.00909767951816,-0.00869287736714,0.00307918712497,3.59115743637,6441,6.65605095541,-0.0268151212815,2.47961892595,-1.70063694267,3.6292946268,-2.306,-24.5923566879,-61.8415847586
55,17048.084133,-62.222677039,0.00119100452866,-0.000700604403391,-0.00519827753305,0.0194279067218,0.0660349652171,0.134761184454,-0.0499477833509,-0.0610096082091,0.170968979597,0.0616830065846,0.0349466204643,0.000609923386946,-0.00115598796401,0.000442302669398,3.66650462151,6431,6.65605095541,0.00318556531847,2.57961740005,-1.70063694267,3.6292946268,-2.267,-24.5923566879,-68.7014818562
56,17050.961738,-26.251117828,0.00605720514432,-0.00919085275382,-0.000980002689175,0.0144654735923,0.0712699368596,0.145321950316,-0.0600792728364,-0.0904453471303,0.19097353518,0.061062078923,0.0328771807253,-0.000182718780707,-0.00216245581396,0.00287243025377,3.85559296608,5099,-25.3439490446,-0.116815273882,2.57961740005,-1.70063694267,5.0293190408,-5.019,12.4076433121,-31.5085047668
57,17050.96396,-30.2588219634,0.00508472137153,-0.00931509211659,0.00434748921543,0.0191731844097,0.0875473320484,0.124622583389,-0.0292241089046,-0.0525793842971,0.152717009187,0.0710257813334,0.0163550674915,0.0151359271258,-0.0161661915481,0.009775984101,4.02074480057,5867,-24.3439490446,-0.0968148160815,2.57961740005,-0.700636942674,5.0293190408,-4.966,21.4076433121,-36.3712342853
58,17050.965847,-27.4068822872,-0.00011446238932,0.00167029793374,-0.0103463539854,0.0282592102885,0.0693179517984,0.126080974936,-0.0315487906337,-0.0373327545822,0.141282841563,0.0722619146109,0.0272526983172,0.00347451376729,-0.00822348892689,0.00640641991049,3.94250822067,5924,-24.3439490446,-0.0468155790815,2.47961892595,-1.70063694267,5.0293190408,-4.921,-13.5923566879,-34.3669299553
59,17115.783781,-5.39526429534,-0.000657287950162,0.00315213692375,-0.0100079113618,0.0231940615922,0.0781056210399,0.130777209997,-0.0454088337719,-0.0201893169433,0.137281432748,0.0612729787827,0.0247018225491,0.0021092875395,-0.000824873044621,0.000148145190906,3.22814369202,8550,-26.3439490446,-0.0968148160815,2.57961740005,31.2993630573,2.4292824198,-5.114,-71.5923566879,-13.6861489391
61,17115.784881,-2.64395588911,0.000835131620988,0.00330295483582,-0.0131297940388,0.0214583072811,0.0945147424936,0.101167134941,-0.0140370056033,-0.0327158868313,0.149009913206,0.0600107945502,0.0271050166339,0.00210883817635,-0.00503269443288,0.00287713808939,3.40356445312,8640,-26.3439490446,-0.106815044982,2.57961740005,31.2993630573,2.3293068338,-5.088,-71.5923566879,-10.2773447784
63,17115.78598,-12.18200239,0.00201508123428,-0.00461255805567,0.00167257233988,0.00871068425477,0.0975647345185,0.107438363135,-0.0320758223534,-0.0275183729827,0.138357207179,0.0545456558466,0.0294358413666,0.00255601014942,-0.00578821916133,0.00332189234905,3.42355108261,8572,-26.3439490446,-0.106815044982,2.57961740005,31.2993630573,2.3293068338,-5.061,-72.5923566879,-20.5256604194
65,17115.936078,-7.62348958692,-0.00037904153578,0.00287328497507,-0.0101233487949,0.0224729776382,0.0631742402911,0.15971109271,-0.0717128962278,-0.0704082399607,0.179264485836,0.045632340014,0.0399711914361,-0.009686418809,0.00158475211356,2.1613910576e-05,3.8914270401,4597,16.6560509554,-0.216815655382,2.57961740005,31.2993630573,2.8293068338,-1.449,-97.5923566879,-14.7918227912
67,17115.936888,-13.0030454475,0.000652834947687,-0.000446873629699,-0.00932414084673,0.0224530566484,0.0656699314713,0.14290560782,-0.0628625079989,-0.0634965747595,0.171149089932,0.0417978018522,0.0355131328106,0.000219401175855,-0.00366797251627,0.00293426960707,4.09869670868,4954,16.6560509554,-0.116815273882,2.57961740005,31.2993630573,2.8293068338,-1.43,-96.5923566879,-20.5285679002
69,17115.93771,-11.461782419,0.00220563821495,-0.00314972293563,-0.00282921991311,0.0117690814659,0.086782194674,0.110634215176,-0.0332893878222,-0.0524998046458,0.159472942352,0.06019224599,0.033312112093,-0.00483302213252,-0.00163233606145,0.00198652688414,3.66851854324,5685,16.6560509554,-0.126815502782,2.47961892595,31.2993630573,2.7292702128,-1.41,-92.5923566879,-18.7567278881
71,17121.774669,-58.762314202,-0.00120345770847,0.00154608441517,-0.00124854454771,0.00583437597379,0.0576232075691,0.07293920964,0.0295351613313,-0.0399803332984,0.13441632688,0.100318215787,0.0245758127421,0.00685466034338,-0.00596501166001,0.00395369390026,2.67330527306,16814,-24.3439490446,-0.126815502782,2.47961892595,32.2993630573,-0.670693166197,-4.944,142.407643312,-64.2320352015
72,17121.945727,-59.7130789817,-0.00412955647334,0.0102697089314,-0.0180338900536,0.0292207729071,0.0380889587104,0.141935527325,-0.0741609483957,-0.0471178144217,0.126361936331,0.0420984849334,0.0248079057783,-0.0021627584938,0.00159482273739,0.000527528347448,4.14280605316,4489,23.6560509554,-0.136815731682,2.57961740005,32.2993630573,-1.5707175802,-0.828,-94.5923566879,-69.4373505971
73,17121.946549,-48.3169872318,-0.00162430352066,0.00836556684226,-0.0156118795276,0.0236987303942,0.0201103463769,0.129338130355,-0.0558471232653,-0.0685557946563,0.138742268085,0.0303207281977,0.0418615043163,-0.0116473669186,0.00383923691697,-0.00136857293546,3.83726263046,4482,23.6560509554,-0.156816189382,2.57961740005,32.2993630573,-1.5707175802,-0.808,-97.5923566879,-58.1209879303
74,17121.947359,-51.1313778775,-0.000126301019918,-0.00102704763412,-0.00501832179725,0.020405754447,0.0534134954214,0.130468949676,-0.0582207478583,-0.0456435754895,0.14735801518,0.0327534116805,0.0284302793443,-0.00670253671706,0.00179037614726,0.00150455720723,4.10007238388,4643,23.6560509554,-0.186814968682,2.57961740005,32.2993630573,-1.5707175802,-0.788,-96.5923566879,-60.2451770511
75,17123.929233,-60.5470185329,-0.00164079770911,0.00132158282213,-0.00433275522664,0.0113225560635,0.0660983249545,0.0821767449379,-0.0124504994601,-0.0252009872347,0.11965598166,0.068960994482,0.02088592574,0.00256607308984,-0.00233245431446,-4.04972888646e-05,2.42451334,25162,20.6560509554,-0.156816189382,2.57961740005,50.2993630573,-0.970680959197,-1.094,15.4076433121,-68.9216642316
76,17123.931362,-59.502834222,-0.000999789568596,-0.000556377228349,-0.00247923959978,0.0122615695,0.0686220154166,0.0823461338878,-0.0161851812154,-0.024355802685,0.122388102114,0.0575787387788,0.0248632095754,-0.000661576865241,0.000931779854,-0.00142599153332,2.15282297134,25129,21.6560509554,-0.0968148160815,2.57961740005,50.2993630573,-1.0707175802,-1.043,15.4076433121,-68.3399003612
77,17123.933411,-63.2442494918,-0.000989595777355,0.000394967326429,-0.00353828608058,0.00918179284781,0.0677468553185,0.068124435842,-0.00461359135807,-0.0228315051645,0.111652843654,0.0606638640165,0.0210479423404,0.00239124405198,-0.001182960812,-0.000698278541677,2.47542786598,24385,21.6560509554,-0.0568158079815,2.47961892595,50.2993630573,-1.0707175802,-0.994,4.4076433121,-72.4470426523
78,17124.95617,-60.00996601,0.00209406251088,-0.0071283467114,0.00571569381282,0.00156399607658,0.0750001072884,0.111436620355,-0.0114625459537,-0.059055775404,0.164824008942,0.0871457159519,0.0231741797179,0.00594814587384,-0.00542471418157,0.00258544110693,2.78379154205,12528,24.6560509554,-0.0468155790815,2.57961740005,50.2993630573,-1.8707053732,-0.381,-65.5923566879,-65.70606623
79,17124.957224,-56.458821011,0.00136064004619,-0.00309149106033,-0.000651008798741,0.00890195835382,0.0729709491134,0.106369815767,-0.0196170862764,-0.052316416055,0.148744374514,0.0640722364187,0.0268070138991,0.00162570737302,-0.00497528165579,0.00198415992782,3.0518116951,9976,24.6560509554,-0.106815044982,2.57961740005,50.2993630573,-1.8707053732,-0.356,-78.5923566879,-64.013811697
80,17124.958277,-56.7712911726,-0.00113209965639,0.0020337998867,-0.00530885579064,0.00900967605412,0.0792915597558,0.0969028845429,-0.0175634026527,-0.0505847744644,0.156430840492,0.0562379099429,0.0326668173075,-0.00580732803792,0.00387132447213,-0.00190727843437,2.73758411407,11561,24.6560509554,-0.106815044982,2.47961892595,51.2993630573,-1.8707053732,-0.33,-73.5923566879,-64.5369609265
81,17125.938002,-62.8189966495,-0.0010915939929,0.00105573621113,-0.00291265663691,0.0113094225526,0.0828669592738,0.132496073842,-0.0391628965735,-0.0481831356883,0.154206469655,0.0691307261586,0.0208751857281,0.00652569625527,-0.00438206316903,0.00207148329355,2.97188711166,9025,23.6560509554,-0.0368153501815,2.57961740005,31.2993630573,0.129294626803,-0.753,-81.5923566879,-69.9068552836
82,17125.938985,-54.8467293758,-0.000427587132435,0.00144671124872,-0.00903525110334,0.0204611979425,0.0809201151133,0.142748862505,-0.0528649762273,-0.0428712405264,0.157589703798,0.0587640330195,0.0236998107284,0.00294324476272,-0.000673216767609,-0.000170018771314,3.22008872032,8575,23.6560509554,-0.00681466358153,2.47961892595,31.2993630573,0.129294626803,-0.73,-81.5923566879,-62.375741728
83,17125.939958,-58.9027346804,-0.00210641068406,0.00327559118159,-0.00597564131021,0.0178471654654,0.100790597498,0.141283020377,-0.0406887196004,-0.0480024553835,0.180461898446,0.0655970051885,0.0281195193529,0.00117296935059,0.000392289162846,-0.00121537002269,3.16284227371,8487,24.6560509554,0.0131838869185,2.47961892595,31.2993630573,0.129294626803,-0.706,-81.5923566879,-65.1385069783
84,17130.942308,-23.4700927527,0.00115795095917,-0.00488180899993,0.0019939665217,0.00326956994832,0.0890966653824,0.0938865691423,0.00904662813991,-0.0231303516775,0.143682733178,0.0983608588576,0.0252732001245,0.00459639215842,-0.00412183953449,0.00158517761156,2.75691413879,16874,24.6560509554,-0.0668160367815,2.67961587415,32.2993630573,0.729270212803,-0.324,68.4076433121,-29.0896134641
85,17130.944692,-23.2452533778,0.00253678928129,-0.00768140982836,0.00654403213412,-0.00191825826187,0.0950278118253,0.0873656719923,-0.000649327412248,-0.0254136379808,0.13659645617,0.0884885042906,0.0233761500567,0.0022302493453,-0.000780470843893,-0.000110851178761,2.37848091125,18667,24.6560509554,-0.106815044982,2.57961740005,32.2993630573,0.629294626803,-0.267,34.4076433121,-29.8918021061
86,17130.947019,-24.2077080506,-0.00171148730442,0.00262970244512,-0.0059922458604,0.00881136301905,0.0872994884849,0.0945563167334,0.00512154959142,-0.0249323174357,0.132791340351,0.0975831970572,0.0133599508554,0.00977380201221,-0.00550616998225,0.00144794571679,2.51691317558,18926,23.6560509554,-0.0368153501815,2.57961740005,32.2993630573,0.629294626803,-0.211,21.4076433121,-30.5918112458
87,17132.917232,-0.942820495772,-0.000177503068699,-0.000815043749753,-0.00127886177506,0.00791841559112,0.0645777285099,0.0775634422898,0.0143161313608,-0.0452690683305,0.129970610142,0.0913493186235,0.0195806622505,0.00902493111789,-0.00730498787016,0.00202948413789,2.56759166718,15814,23.6560509554,0.0331843446185,2.57961740005,60.2993630573,-4.3707053732,-0.797,-41.5923566879,-7.98825617575
88,17132.918609,-0.445154283151,-0.00149739382323,0.00250271824189,-0.00565858697519,0.0101978806779,0.0547552891076,0.089831404388,-0.0053369984962,-0.0473809950054,0.135073453188,0.0686026737094,0.027837311849,-0.000144512014231,-6.82556565152e-05,-0.00026268712827,2.76441025734,14565,23.6560509554,0.0331843446185,2.47961892595,60.2993630573,-4.3707053732,-0.764,-48.5923566879,-8.43385235433
89,17132.919975,-0.918487009964,-0.00149906461593,0.0028768798802,-0.0106245521456,0.0230943933129,0.04223722592,0.113325320184,-0.021232271567,-0.0314407795668,0.123171657324,0.0698820874095,0.0209613796324,0.00547276623547,-0.00488679716364,0.0028929177206,2.7049472332,13054,23.6560509554,0.0331843446185,2.57961740005,60.2993630573,-4.3707053732,-0.731,-53.5923566879,-9.22653785712
90,17138.854294,57.533042689,-0.00114473770373,0.00106320274062,-0.00345211150125,0.0063412822783,0.0929878354073,0.0693147927523,0.0127835990861,-0.0383214987814,0.157000869513,0.074952878058,0.0237299799919,0.00202763243578,-0.000884471461177,0.000451450701803,2.69308233261,20742,11.6560509554,-0.166814510982,2.47961892595,62.2993630573,-1.7707297872,-1.92,84.4076433121,51.5002248825
91,17140.902432,74.9502066068,0.0003438127751,-0.0010050071869,-0.00229436345398,0.00732485204935,0.0531812645495,0.105946466327,0.00938388425857,-0.0698736235499,0.161387145519,0.0989414379001,0.0276259854436,0.00427548028529,-0.00258171418682,0.000243574861088,3.04216074944,15100,24.6560509554,0.0531848024185,2.57961740005,50.2993630573,0.829306833803,-0.63,-60.5923566879,69.4919112013
92,17140.903555,66.6221396232,-0.00252673355862,0.00664475373924,-0.0111423674971,0.0136870071292,0.0488332919776,0.0857499390841,0.0246084630489,-0.0683731809258,0.163604021072,0.0871210023761,0.0308477114886,0.000720312760677,-0.00160971737932,0.00122870330233,2.78485488892,12802,24.6560509554,0.0231841158185,2.57961740005,51.2993630573,0.829306833803,-0.603,-70.5923566879,60.7603536323
93,17140.90462,68.0999640872,0.00237371283583,-0.00861196313053,0.00757389096543,-0.00217496231198,0.0611484795809,0.0756153017282,0.0116267008707,-0.0790325552225,0.17443728447,0.0677268356085,0.0373736061156,-0.00268328608945,0.00111826846842,-0.000106021820102,2.87672424316,11173,24.6560509554,-0.0368153501815,2.47961892595,50.2993630573,0.829306833803,-0.578,-75.5923566879,61.7769338545
94,17143.870111,76.3181874825,3.32987692673e-05,-0.000327104236931,-0.00326758925803,0.0108781196177,0.0738400667906,0.0883555710316,-0.0369462221861,-0.0281068570912,0.102705292404,0.0508717373013,0.0293326154351,-0.00452103232965,0.00297463848256,-0.00111268332694,3.08048915863,9332,19.6560509554,0.0531848024185,2.57961740005,32.2993630573,-2.8707053732,-1.212,-79.5923566879,65.8540330382
95,17143.871117,78.4025029957,-0.00171710643917,0.00510276900604,-0.0110862432048,0.0194652937353,0.0402859076858,0.0964558571577,-0.0279322173446,-0.0495631173253,0.121455535293,0.0611258596182,0.0302425455302,-0.00260015833192,0.00282040168531,-0.00112732884008,3.25445127487,9079,19.6560509554,0.0531848024185,2.47961892595,32.2993630573,-2.8707053732,-1.187,-80.5923566879,69.2518167733
96,17143.872101,77.2923426959,0.00100335269235,-0.00167678063735,-0.00260514882393,0.0125554949045,0.0704594478011,0.11242762953,-0.0299427807331,-0.0322885289788,0.126020953059,0.0696333497763,0.026069438085,0.00573016842827,-0.00741797918454,0.00337052228861,3.21689391136,8514,19.6560509554,0.0831854890185,2.47961892595,32.2993630573,-2.8707053732,-1.164,-80.5923566879,69.009628516
97,17148.764223,51.4197070756,-0.000741151859984,0.00322736753151,-0.00783694442362,0.0128064127639,0.0829211100936,0.0823934748769,0.00221579917707,-0.0074071502313,0.122796975076,0.0755220651627,0.0215073358268,0.00477698538452,-0.00300964014605,0.00104954850394,2.43616080284,20360,-6.34394904459,-0.0568158079815,2.57961740005,41.2993630573,-4.4706809592,-3.432,60.4076433121,43.7567779581
98,17148.887383,44.2942229981,-0.00240872055292,0.00575626082718,-0.0097980061546,0.0165008697659,0.0536787323654,0.111524350941,-0.0299058146775,-0.0515608228743,0.139423280954,0.0647246912122,0.0269188266248,-0.001453092671,-0.000937136588618,0.00159581669141,2.98768520355,9097,24.6560509554,-0.106815044982,2.27961434825,40.2993630573,-5.4706809592,-0.468,-71.5923566879,36.3452539194
99,17148.888471,42.5555017418,0.000691604218446,0.000554174184799,-0.00814957451075,0.0178198274225,0.0584105737507,0.105471760035,-0.0194967817515,-0.0266457293183,0.125526040792,0.0744588151574,0.0172937400639,0.00710669299588,-0.00463143968955,0.00175485643558,2.76137018204,11338,24.6560509554,-0.126815502782,2.47961892595,42.2993630573,-5.5707175802,-0.442,-64.5923566879,34.4357730224
100,17148.889674,49.1664819976,0.00247306539677,-0.00214075436816,-0.00745722232386,0.0197682995349,0.0510628074408,0.118003718555,-0.0211913026869,-0.0451218746603,0.141466543078,0.0649778470397,0.0310630649328,0.000564656511415,-0.00313684577122,0.0018585594371,3.06924295425,8716,24.6560509554,-0.156816189382,2.57961740005,42.2993630573,-5.5707175802,-0.413,-70.5923566879,41.3442380081
101,17151.837491,22.6539188745,0.0017961806152,-0.00543094053864,0.00640884274617,-0.00282333581708,0.0814246013761,0.067296475172,0.0234732814133,-0.0379876792431,0.146925762296,0.0788429155946,0.0293952096254,-0.000934584590141,0.00105229055043,-0.00120760616846,2.62031269073,22856,16.6560509554,-0.0468155790815,2.57961740005,52.2993630573,-1.2707297872,-1.472,22.4076433121,15.9351383808
102,17153.896284,8.2358103364,0.00264321593568,-0.00517630344257,0.0028798612766,0.00256427563727,0.0752573385835,0.0858483612537,0.00742375431582,-0.0244266726077,0.131952732801,0.0841388627887,0.0269926246256,0.00179995817598,0.000230631485465,-0.00114063022193,2.51336765289,23222,20.6560509554,-0.0468155790815,2.57961740005,31.2993630573,-2.9706809592,0.075,58.4076433121,1.22967135441
103,17153.89809,2.20025198422,0.00358386756852,-0.00446153338999,-0.00250248447992,0.0110162850469,0.076633669436,0.115818724036,-0.0185804124922,-0.0538491867483,0.154537945986,0.0701139345765,0.0294950474054,0.00318376114592,-0.00533894449472,0.00273887021467,3.4492726326,7964,20.6560509554,-0.0368153501815,2.47961892595,31.2993630573,-2.9706809592,0.118,-74.5923566879,-4.75462518948
104,17153.899132,4.94332400315,0.00231614895165,-0.00192921306007,-0.00574170658365,0.0182527899742,0.076294220984,0.101609945297,-0.0145029816777,-0.0317378342152,0.140830039978,0.0611380301416,0.0346514806151,-0.00437833601609,0.00215447857045,-0.00168475310784,3.23717737198,9213,20.6560509554,-0.0268151212815,2.47961892595,31.2993630573,-3.0707175802,0.143,-74.5923566879,-3.31819476989
105,17165.82262,-66.4376967417,0.00497910194099,-0.00620237411931,0.00167616014369,0.00820174161345,0.0586065948009,0.120591521263,-0.0225893855095,-0.0746064931154,0.1756927073,0.0707655921578,0.0315435379744,-0.0040319962427,0.000882131804246,0.000470407336252,3.3462934494,7444,22.6560509554,-0.116815273882,2.57961740005,71.2993630573,-0.170693166197,-0.907,-78.5923566879,-72.5465022091
106,17165.823638,-56.6259205604,0.00150710402522,0.00244856160134,-0.0044741476886,0.0068645849824,0.0736794471741,0.110926687717,-0.0269613750279,-0.0830240398645,0.187682017684,0.0570544563234,0.0369023494422,-0.00397299649194,0.00350340805016,-0.00310705602169,3.88857364655,7090,22.6560509554,-0.0368153501815,2.47961892595,70.2993630573,-0.170693166197,-0.883,-79.5923566879,-63.01382653
107,17165.824634,-68.2294175867,0.00358048989438,-0.00209004012868,-0.00251441076398,0.0098897209391,0.0647129863501,0.0942076966166,-0.0109032653272,-0.0652153417468,0.164345726371,0.0617103278637,0.0345306098461,-0.00695977266878,0.00641811918467,-0.00267528765835,3.39408922195,7208,22.6560509554,-0.0868145872815,2.57961740005,71.2993630573,-0.170693166197,-0.859,-80.5923566879,-75.4684531695
108,17168.790281,-53.592528944,0.000446503894636,0.00303913117386,-0.0124305849895,0.0236246902496,0.060803592205,0.0917214080691,-0.0628634691238,-0.0368214510381,0.111850395799,0.0347599722445,0.0255556795746,-0.000425253150752,-0.000821698107757,0.000434063229477,2.94090342522,13294,15.6560509554,-0.0268151212815,2.57961740005,70.2993630573,-1.8707053732,-1.487,-74.5923566879,-64.2243093991
109,17168.791346,-48.5343994269,0.00119874672964,-0.00114047457464,-0.00159590563271,0.00930531322956,0.0893728733063,0.0724985972047,-0.037744384259,-0.0177060626447,0.107187025249,0.0444534830749,0.0158856026828,0.00689467648044,-0.00621916726232,0.00207788799889,3.0530807972,12977,16.6560509554,0.0131838869185,2.47961892595,71.2993630573,-1.8707053732,-1.462,-75.5923566879,-58.8559740898
110,17168.792446,-46.8357544582,0.00115218025167,0.0019902382046,-0.00953110214323,0.0195210892707,0.0617171674967,0.0896168425679,-0.0620499663055,-0.016819216311,0.0938820764422,0.0369768664241,0.0183223579079,0.00653998134658,-0.00418716995046,0.000559582840651,2.66133737564,16602,16.6560509554,0.0831854890185,2.47961892595,70.2993630573,-1.8707053732,-1.435,-65.5923566879,-58.150818049
111,17188.832574,53.085814051,0.000584269757383,0.00151856569573,-0.00667079212144,0.0141199082136,0.0726800635457,0.087052308023,-0.034673076123,-0.0264060981572,0.107146307826,0.0597388148308,0.0239999275655,0.0015155703295,-0.00086187227862,-0.000214145489736,2.98487591743,13448,12.6560509554,0.153185183918,2.57961740005,41.2993630573,-3.6706931662,0.858,-57.5923566879,43.3764053745
112,17188.833871,45.5314425298,0.00152866996359,-0.00266984803602,-0.00396516826004,0.0179406292737,0.0688158124685,0.10865970701,-0.0450332388282,-0.0330967307091,0.128211289644,0.0573119148612,0.022170195356,0.00472792796791,-0.00631348229945,0.00314515060745,2.63231539726,13523,11.6560509554,0.203184420918,2.57961740005,41.2993630573,-3.6706931662,0.889,-54.5923566879,36.9132070988
113,17188.835572,49.8265347907,0.00220984709449,-0.00481559243053,0.000912067189347,0.0082709826529,0.082998432219,0.0688660219312,-0.0198090840131,-0.00905264914036,0.098382756114,0.0659967288375,0.016870232299,0.00766727793962,-0.005495255813,0.00147758447565,2.14960432053,26183,11.6560509554,0.163185412718,2.57961740005,41.2993630573,-3.6706931662,0.93,22.4076433121,40.4652808524
114,17189.813824,39.7072553359,0.00330967642367,-0.00458067189902,0.00256034405902,-0.00139343808405,0.0890114530921,0.064073421061,0.0210973601788,-0.026648318395,0.130353316665,0.0881916880608,0.021861076355,0.00483748642728,-0.00356126739644,0.000985816004686,2.57555580139,20834,16.6560509554,0.0631850313185,2.57961740005,41.2993630573,-1.1706931662,0.473,-9.5923566879,32.6234368147
115,17189.815687,40.871399514,0.00416012853384,-0.00645191967487,0.00432725716382,0.00191816152073,0.0775148496032,0.0959623008966,-0.00473504792899,-0.0267302133143,0.133047163486,0.0864588692784,0.0222820155323,0.00345625798218,-0.00251426338218,0.000491210957989,2.52587127686,19757,16.6560509554,0.0531848024185,2.57961740005,41.2993630573,-1.1706931662,0.518,-1.5923566879,33.841859095
116,17189.817643,45.0116443297,0.00359665579163,-0.00725996866822,0.00647679530084,0.000483560812427,0.0888773500919,0.070091381669,0.016701195389,-0.0293144062161,0.144040629268,0.085427865386,0.0232729744166,0.00578607572243,-0.00279460777529,8.17730033305e-05,2.49126219749,19842,15.6560509554,0.0831854890185,2.57961740005,41.2993630573,-1.1706931662,0.565,6.4076433121,38.4563622213
117,17193.799808,1.19669375104,0.0061390819028,-0.0122250849381,0.00715814484283,0.014413732104,0.100391343236,0.136479616165,-0.0623961798847,-0.0123969139531,0.126298442483,0.0635405406356,0.0219259411097,0.00276994821616,-0.000592038210016,0.00277119432576,3.37336730957,9251,17.6560509554,0.283184344618,2.57961740005,50.2993630573,0.0293190408025,0.402,-76.5923566879,-7.3608495748
118,17193.800827,-0.554264829714,0.00316716637462,-0.00635695038363,0.00249789748341,0.00872145779431,0.107818573713,0.10794505477,-0.0395457968116,-0.00786422379315,0.122910775244,0.0652795359492,0.01593830809,0.00959289260209,-0.00680968491361,0.00242068991065,3.09473443031,8777,17.6560509554,0.203184420918,2.57961740005,50.2993630573,0.0293190408025,0.427,-79.5923566879,-9.22761620205
119,17193.801822,5.48548402269,0.0025168384891,-0.00328302243724,-0.00442678527907,0.0212043281645,0.107751406729,0.12825717032,-0.0510581694543,-0.0270528811961,0.163181781769,0.0441246069968,0.0260549318045,0.00250393897295,-0.00531571824104,0.00340357446112,3.31961154938,8191,16.6560509554,0.193184192018,2.47961892595,51.2993630573,0.0293190408025,0.451,-80.5923566879,-2.20209307421
120,17195.787646,-16.2913978055,0.00272507849149,-0.00529045378789,0.00188125681598,0.00234966375865,0.0598462037742,0.0553596876562,0.0164752118289,-0.0826832279563,0.157470747828,0.0588041990995,0.0385175161064,-0.0043344325386,0.00111213710625,0.000436233414803,2.81528162956,14089,19.6560509554,0.0631850313185,2.57961740005,21.2993630573,0.529319040803,0.243,-73.5923566879,-23.7490266881
121,17195.78871,-7.88812746457,0.00230202102102,-0.00291312020272,-0.000761007308029,0.00860886648297,0.0502666532993,0.0565572418272,0.00692006200552,-0.0635332688689,0.141246780753,0.0665003806353,0.0318706221879,0.000185760218301,-0.00200554030016,0.000537902466021,2.72080016136,13718,19.6560509554,0.103184039518,2.57961740005,21.2993630573,0.529319040803,0.268,-73.5923566879,-15.7500405231
122,17195.789775,-14.6549651175,0.00353178847581,-0.00552391866222,0.00175606040284,0.00376324146055,0.0583364404738,0.0576647482812,0.00350047182292,-0.0743920505047,0.129070058465,0.0706501379609,0.0269564632326,0.00257394695655,-0.00242731557228,0.000703496334609,2.86535954475,12643,18.6560509554,0.0231841158185,2.47961892595,21.2993630573,0.529319040803,0.294,-78.5923566879,-22.9096543772
123,17208.74609,-42.6771075197,0.00248569529504,-0.00399373471737,0.00125540047884,0.00685384776443,0.0654661655426,0.0929203480482,-0.00174227287062,-0.0553994141519,0.151581153274,0.0800702497363,0.028319535777,0.00245409086347,-0.00116278149653,-0.000764842086937,3.02870893478,10882,20.6560509554,0.233185107618,2.57961740005,50.2993630573,-1.2707297872,0.111,-71.5923566879,-49.5351623726
124,17208.74712,-43.7073302921,0.00205482589081,0.000565906520933,-0.00922482274473,0.0183744952083,0.0649126544595,0.119529083371,-0.0219544246793,-0.0528249703348,0.168253570795,0.0667811259627,0.0309447329491,-0.000544942333363,0.000520123110618,3.34580217896e-05,3.11221814156,8329,20.6560509554,0.263183886918,2.57961740005,50.2993630573,-1.2707297872,0.136,-81.5923566879,-50.3770572886
125,17208.748115,-44.3773412694,0.00453174160793,-0.00683497078717,0.00386846880428,0.00492862984538,0.0969103500247,0.0882373824716,-0.0104041965678,-0.0186948589981,0.119938001037,0.0946124643087,0.02235423401,0.00616947049275,-0.00197987677529,0.000378738623112,3.65082406998,7660,20.6560509554,0.273184115818,2.47961892595,50.2993630573,-1.2707297872,0.16,-79.5923566879,-52.0224898552
126,17221.772814,76.7230147752,0.00367943570018,-0.00577490450814,0.00166569568682,0.00937322899699,0.0834759399295,0.107508696616,0.00135672104079,-0.00117654923815,0.115169532597,0.0993048250675,0.0247840546072,0.00310241780244,-0.000132324712467,-0.000826263159979,2.5849545002,18665,2.65605095541,0.163185412718,2.57961740005,3.29936305733,-3.1706931662,1.625,37.4076433121,69.5319849075
127,17221.774966,80.6135073807,0.00284953368828,-0.00215024361387,-0.003250523936,0.0123755680397,0.0898113027215,0.0878236666322,0.00111528753769,-0.00982895772904,0.12244528532,0.0755578279495,0.0292159803212,-0.000517292006407,0.00216423906386,-0.00138079165481,2.53595590591,19664,2.65605095541,0.133184726118,2.47961892595,3.29936305733,-3.1706931662,1.676,-0.592356687898,72.500496305
128,17221.776888,74.817673117,0.00252849096432,-0.00214854953811,-0.00287174107507,0.00856119021773,0.0802727639675,0.0841109007597,0.00847249571234,-0.0202552806586,0.128887325525,0.0822681337595,0.0325493514538,-0.00130431063008,-0.00100139062852,0.00082324759569,2.33354020119,19875,1.65605095541,0.133184726118,2.47961892595,3.29936305733,-3.1706931662,1.723,3.4076433121,67.45502401
129,17224.762276,76.6351684201,-0.0013873889111,0.00632710848004,-0.000605621258728,0.0139153338969,0.0824201181531,0.0913668572903,-0.00960640609264,-0.0385483577847,0.130913197994,0.0942364037037,0.0244611296803,0.011510130018,-0.00418870290741,-0.000887834525201,2.93651533127,16822,3.65605095541,0.143184955018,2.57961740005,3.29936305733,1.5293190408,1.572,-39.5923566879,69.5871715115
130,17224.763584,76.1399904029,0.0024994907435,-0.00109454593621,0.00423141010106,0.00957815814763,0.072771333158,0.0897022932768,-0.0117404628545,-0.027832115069,0.120443820953,0.0861037299037,0.0257975943387,0.00860871840268,-0.00654439395294,0.000331289193127,3.02733516693,13690,3.65605095541,0.153185183918,2.47961892595,3.29936305733,1.5293190408,1.604,-51.5923566879,68.2700082385
131,17224.764869,76.3994584256,0.0278058722615,-0.0343331806362,0.0174685455859,0.016474224627,0.048737782985,0.145902127028,-0.0434095822275,-0.0322126299143,0.120317384601,0.0947836562991,0.0159810706973,0.0130430851132,-0.0130629679188,0.00591073604301,3.14918065071,10576,2.65605095541,0.123184497218,2.47961892595,3.29936305733,1.4292824198,1.635,-65.5923566879,69.1909065929
132,17229.752338,44.5504567025,0.00265079457313,-0.00479057664052,0.00330995768309,0.005223616492,0.0810848325491,0.0920815467834,-0.0119825880975,-0.0393628552556,0.135740354657,0.0710935220122,0.0302155539393,0.000602474727202,-0.00256362487562,0.00134521082509,3.01022958755,10324,2.65605095541,0.00318556531847,2.57961740005,22.2993630573,0.629294626803,1.668,-73.5923566879,36.6870985924
133,17229.753368,48.4161923694,0.00163709104527,-0.000223332142923,-0.00496716611087,0.0146534694359,0.0676336362958,0.102263532579,-0.0191346257925,-0.0423656068742,0.133448079228,0.0794970244169,0.0238561891019,0.00684936856851,-0.00557880662382,0.00196844688617,3.50374412537,7458,2.65605095541,0.00318556531847,2.47961892595,22.2993630573,0.629294626803,1.693,-80.5923566879,40.8239884414
134,17229.754375,46.2367964078,0.00227147829719,-0.00194302760065,-0.0025578327477,0.00958324130625,0.0692776218057,0.103364005685,-0.0093357404694,-0.0617658905685,0.16276243329,0.0623835884035,0.0326527915895,0.00396117474884,-0.00573536939919,0.00323077570647,2.93195104599,10235,1.65605095541,0.0431845735185,2.47961892595,22.2993630573,0.629294626803,1.718,-75.5923566879,39.3474149862
135,17233.734236,6.79887695045,0.00182469387073,0.00067081063753,-0.00499691162258,0.0197631716728,0.0524760633707,0.14970985055,-0.0526806712151,-0.0653748065233,0.173832342029,0.0578058175743,0.0416727252305,-0.0102796861902,0.00903450325131,-0.00379545404576,3.94711589813,6400,4.65605095541,0.353184039518,2.57961740005,22.2993630573,2.3293068338,1.501,-76.5923566879,-0.225368247668
136,17233.735254,8.5648390831,0.0124259926379,-0.0191352125257,0.00498125050217,0.0374939255416,0.0673865675926,0.11640830338,-0.0211926437914,-0.0779559239745,0.1848731637,0.049100279808,0.0443937852979,-0.00397264305502,0.00200830120593,-0.00119710620493,3.90710639954,7019,4.65605095541,0.343183810618,2.57961740005,22.2993630573,2.3293068338,1.526,-78.5923566879,1.82058945877
137,17233.736261,10.580519761,0.0023136253003,-0.00104648177512,-0.00337969744578,0.0146140102297,0.0623331107199,0.0920344814658,-0.00545750139281,-0.077820815146,0.166047170758,0.0685020163655,0.0375696234405,-0.00169037142769,0.000714628025889,-0.00143322127406,3.71820044518,6959,3.65605095541,0.353184039518,2.47961892595,22.2993630573,2.3293068338,1.55,-79.5923566879,3.80209111926
138,17256.685847,47.2985244902,0.00224658870138,-0.000917045923416,-0.00642705522478,0.0231267251074,0.109188117087,0.140464127064,-0.0511761941016,0.00725154438987,0.11986027658,0.0705278292298,0.0179679989815,0.00417253188789,-0.000850581971463,-0.000404445570894,3.12373900414,10665,0.656050955414,0.0431845735185,2.57961740005,22.2993630573,-1.7707297872,1.881,-70.5923566879,38.5804038758
139,17256.726192,43.0396975464,0.000854467449244,0.000918731035199,-0.00361277209595,0.00584714300931,0.0924310311675,0.0620938874781,-0.0051436945796,-0.0241142380983,0.106892235577,0.0669900029898,0.0214133411646,0.00488957762718,-0.00293414713815,7.53939311835e-05,2.54493999481,15498,-11.3439490446,0.0531848024185,2.57961740005,22.2993630573,-1.6706931662,2.852,-53.5923566879,33.6750151613
140,17256.727465,46.1702515807,0.000673480157275,0.00131736672483,-0.00790894310921,0.0227773543447,0.0766536518931,0.111415788531,-0.0190922077745,-0.0429865829647,0.159159973264,0.0682282522321,0.0262309405953,0.00061381678097,0.00178183882963,-0.00173063040711,2.97967720032,10418,-11.3439490446,0.0731852602185,2.57961740005,22.2993630573,-1.6706931662,2.883,-64.5923566879,39.1123525697
141,17256.728703,50.3178333476,0.000926521955989,0.000956293719355,-0.00600861432031,0.0158206485212,0.0827209502459,0.0768832862377,-0.00265746982768,-0.0371912941337,0.143010273576,0.0632670596242,0.0267829913646,0.00109490088653,-0.000293127959594,-0.00084158120444,2.71067118645,13046,-12.3439490446,0.0531848024185,2.47961892595,22.2993630573,-1.6706931662,2.912,-56.5923566879,42.3873680394
142,17260.741873,76.5413498219,0.00296193244867,-0.00579611817375,0.00350995548069,0.0078782401979,0.0801353529096,0.0718276649714,-0.0141567895189,-0.0267373807728,0.100549563766,0.0603915713727,0.0353991352022,-0.00271273730323,0.00217753904872,-0.00186003418639,2.60559988022,13666,-19.3439490446,0.193184192018,2.47961892595,-6.70063694267,1.8293068338,3.498,-63.5923566879,66.4248060087
143,17260.743088,73.5077946832,0.00113447406329,0.000288688839646,-0.00525386538357,0.0102548440918,0.064395815134,0.079814337194,-0.00194328499492,-0.045277711004,0.122189767659,0.064117655158,0.0381398126483,-0.00505466153845,0.00372505607083,-0.00158742547501,2.63225698471,14233,-19.3439490446,0.173185641618,2.47961892595,-6.70063694267,1.8293068338,3.527,-61.5923566879,64.5823657053
144,17260.744222,74.3776668331,0.00361926411279,-0.00415284046903,-0.00149649800733,0.0123175876215,0.0605195015669,0.0874432250857,-0.00945003982633,-0.0414789803326,0.117552302778,0.0747516602278,0.0294646881521,0.00422943616286,-0.00190002867021,-0.000177617868758,2.98836994171,9539,-19.3439490446,0.173185641618,2.57961740005,-6.70063694267,1.8293068338,3.554,-75.5923566879,65.730110336
145,17269.718348,35.3293320359,0.00141720566899,0.000165037548868,-0.0062579610385,0.0129943788052,0.0662507116795,0.0985392928123,0.0143090533093,-0.0297050476074,0.138849377632,0.0940939709544,0.0315256342292,0.000640987302177,-0.000914090371225,7.33201377443e-05,2.29245972633,18311,-19.3439490446,-0.0568158079815,2.57961740005,32.2993630573,-4.7707297872,3.535,21.4076433121,28.9853201105
146,17269.720431,37.6250076654,0.00342374411412,-0.00462418003008,-0.00049074384151,0.00739031750709,0.0718385875225,0.09354801476,0.0251858551055,-0.0261726379395,0.13173045218,0.108199775219,0.0281711407006,0.00158927205484,-0.00125996745192,0.00105925230309,2.47104239464,19042,-20.3439490446,-0.0268151212815,2.57961740005,32.2993630573,-4.7707297872,3.585,11.4076433121,31.5892674742
147,17269.722479,33.7822692108,0.00119377172086,-0.00391479162499,0.00574481952935,-0.00290013314225,0.0801501870155,0.0705356150866,0.0230991877615,-0.0303893145174,0.130242973566,0.101208791137,0.0256438776851,0.00655022915453,-0.00556682888418,0.00217051478103,2.56337666512,18810,-20.3439490446,-0.0668160367815,2.57961740005,32.2993630573,-4.7707297872,3.635,10.4076433121,27.4344356114
148,17274.631592,-14.1191350088,0.00408168043941,-0.00427025882527,0.00106596318074,0.00377200706862,0.165710702538,0.0582912825048,0.0398629158735,0.00363378762268,0.142417415977,0.0767377689481,0.0228308532387,0.00689983135089,-0.00214522262104,-0.000225758296438,2.50742745399,21884,0.656050955414,0.133184726118,2.57961740005,31.2993630573,-0.770729787197,1.782,102.407643312,-20.7063059706
149,17283.727377,-65.5161765916,0.00415955344215,-0.00406246306375,-0.00308149214834,0.0144196022302,0.0798083022237,0.0915150865912,0.00845678988844,-0.0214735139161,0.137771457434,0.0838365033269,0.0253199003637,0.00240882160142,-0.000974091468379,0.000884797424078,2.49094033241,17505,-32.3439490446,-0.00681466358153,2.57961740005,50.2993630573,-0.170693166197,4.69,35.4076433121,-72.2465425672
150,17283.728951,-73.0069432039,0.0063161351718,-0.0140344882384,0.0140285026282,-0.00964053999633,0.097359649837,0.0530981272459,0.030849037692,-0.0555469579995,0.160034090281,0.0959673076868,0.0321386754513,-0.00202742964029,0.00224534980953,-0.000986748957075,2.39240646362,22226,-33.3439490446,-0.00681466358153,2.47961892595,50.2993630573,-0.170693166197,4.727,119.407643312,-77.9004411911
151,17283.733164,-67.9473955087,0.00201042718254,-0.00116546102799,-0.00550721120089,0.0170133337379,0.0750521868467,0.103352069855,0.000648205517791,-0.0305503867567,0.151764258742,0.0773484483361,0.0273503232747,0.00241938256659,-0.00139073992614,0.000937574193813,2.58841466904,17005,-34.3439490446,-0.0168148923815,2.47961892595,50.2993630573,-0.170693166197,4.829,49.4076433121,-74.2486854725
152,17286.678328,-62.3213046029,0.00117335899267,0.00177755020559,-0.0106770582497,0.0164249837399,0.0487613156438,0.0862166434526,0.0150538403541,-0.0672474130988,0.160219743848,0.0751069933176,0.0374777950346,-0.00208954466507,0.0021301836241,-0.00011229350639,3.19116735458,8552,-21.3439490446,0.203184420918,2.57961740005,22.2993630573,-0.370705373197,3.71,-66.5923566879,-68.9347796761
153,17290.691648,-26.6943214863,0.00499220984057,-0.000572713674046,-0.00702183507383,0.0167248491198,0.0576520599425,0.136374607682,-0.0012251714943,-0.0831310749054,0.205961212516,0.0808022096753,0.0511140525341,-0.021493403241,0.0545325092971,-0.010144433938,4.18228912354,6185,-28.3439490446,0.183183963218,2.47961892595,2.29936305733,0.429282419803,4.297,-72.5923566879,-31.5982466475
154,17290.692712,-27.973304009,0.00803338363767,-0.00372978788801,-0.00624903384596,0.0425626561046,0.0531988665462,0.144306272268,-0.0115402843803,-0.0739899948239,0.201477393508,0.0665984451771,0.0568894296885,-0.0114022064954,0.00430807238445,-0.00228372076526,4.24013662338,5736,-28.3439490446,0.143184955018,2.47961892595,2.29936305733,0.429282419803,4.323,-77.5923566879,-33.2417075722
155,17290.693754,-25.3408624876,0.0207692589611,-0.0205229017884,0.00555318966508,0.0545210763812,0.0244276542217,0.190364420414,-0.0461708903313,-0.114233858883,0.235163852572,0.0455457828939,0.073033310473,-0.0296268798411,0.0208449587226,-0.0118405055255,3.90163373947,5629,-28.3439490446,0.153185183918,2.57961740005,2.29936305733,0.429282419803,4.348,-75.5923566879,-30.5696588496
156,17292.68499,-2.24767298411,0.00262116547674,-0.00306917587295,-0.000332777854055,0.0216743312776,0.162595525384,0.151800230145,-0.0550240315497,0.00871952436864,0.158201873302,0.0837771892548,0.0268862675875,-0.000225296229473,0.00076114339754,-0.000843497051392,2.91961812973,24499,-28.3439490446,0.0431845735185,2.57961740005,12.2993630573,-1.8707053732,4.27,81.4076433121,-7.93086820857
